name,class,count
Abberath's Hooves,Boots,1
Abberath's Horn,Wand,1
Abhorrent Interrogation,Gloves,1
Abyssus,Helmet,1
Acton's Nightmare,Map,1
Actum,One-Handed Axe,1
Admiral's Arrogance,Gloves,1
Advancing Fortress,Claw,1
Aegis Aurora,Shield,1
Agnerod East,Staff,1
Agnerod North,Staff,1
Agnerod South,Staff,1
Agnerod West,Staff,1
Ahkeli's Meadow,Ring,1
Ahkeli's Mountain,Ring,1
Ahkeli's Valley,Ring,1
Ahn's Contempt,Helmet,1
Ahn's Heritage,Shield,1
Ahn's Might,One-Handed Sword,1
Ahuana's Bite,Quiver,1
Akoya's Gaze,Helmet,1
Al Dhih,Claw,1
Alberon's Warpath,Boots,1
Algor Mortis,Gloves,1
Allelopathy,Gloves,1
Allure,Claw,1
Alpha's Howl,Helmet,1
Amanamu's Gaze,Abyss Jewel,1
Ambu's Charge,Body Armour,1
Anathema,Ring,1
Ancestral Vision,Jewel,1
Ancient Skull,Helmet,1
Andvarius,Ring,1
Annihilation's Approach,Boots,1
Apep's Rage,Wand,1
Apep's Slumber,Shield,1
Apep's Supremacy,Shield,1
Apex Mode,Jewel,1
Arakaali's Fang,Rune Dagger,1
Araku Tiki,Amulet,1
Arborix,Bow,1
Architect's Hand,Gloves,1
Arn's Anguish,Belt,1
Ascent From Flesh,Belt,1
Asenath's Gentle Touch,Gloves,1
Asenath's Mark,Helmet,1
Ashcaller,Wand,1
Ashes of the Stars,Amulet,1
Ashrend,Body Armour,1
Asphyxia's Wrath,Quiver,1
Assailum,Helmet,1
Astral Projector,Ring,1
Astramentis,Amulet,1
Atziri's Acuity,Gloves,1
Atziri's Disfavour,Two-Handed Axe,1
Atziri's Foible,Amulet,1
Atziri's Promise,Utility Flask,1
Atziri's Reflection,Shield,1
Atziri's Rule,Warstaff,1
Atziri's Step,Boots,1
Augyre,Sceptre,1
Aukuna's Will,Gloves,1
Aurseize,Gloves,1
Aurumvorax,Thrusting One-Handed Sword,1
Auxium,Belt,1
Axiom Perpetuum,Sceptre,1
Azadi Crest,Shield,1
Badge of the Brotherhood,Amulet,1
Balefire,Sceptre,1
Bated Breath,Belt,1
Bear's Girdle,Belt,1
Belly of the Beast,Body Armour,1
Belt of the Deceiver,Belt,1
Beltimber Blade,One-Handed Sword,1
Berek's Grip,Ring,1
Berek's Pass,Ring,1
Berek's Respite,Ring,1
Betrayal's Sting,Ring,1
Binds of Bloody Vengeance,Belt,1
Bino's Kitchen Knife,Rune Dagger,1
Bisco's Leash,Belt,1
Bitter Instinct,Shield,1
Bitterbind Point,Shield,1
Bitterdream,Sceptre,1
Black Sun Crest,Helmet,1
Black Zenith,Gloves,1
Blackflame,Ring,1
Blackgleam,Quiver,1
Blackheart,Ring,1
Blasphemer's Grasp,Gloves,1
Blood of the Karui,Life Flask,1
Blood Price,Helmet,1
Bloodbond,Body Armour,1
Bloodgrip,Amulet,1
Bloodnotch,Jewel,1
Bloodplay,Dagger,1
Bloodseeker,Claw,1
Bloodsoaked Medallion,Amulet,1
Blunderbore,Body Armour,1
Bonemeld,Amulet,1
Bones of Ullr,Boots,1
Bottled Faith,Utility Flask,1
Bound By Destiny,Jewel,1
Bound Fate,Belt,1
Brain Rattler,Two-Handed Mace,1
Bramblejack,Body Armour,1
Breath of the Council,Sceptre,1
Breathstealer,Gloves,1
Brightbeak,One-Handed Mace,1
Brinerot Flag,Shield,1
Brinerot Mark,Ring,1
Brinerot Whalers,Boots,1
Briskwrap,Body Armour,1
Broken Faith,Shield,1
Bronn's Lithe,Body Armour,1
Brutal Restraint,Jewel,1
Brutus' Lead Sprinkler,Sceptre,1
Cadigan's Authority,Sceptre,1
Cadigan's Crown,Helmet,1
"Caer Blaidd, Wolfpack's Den",Map,1
Calamitous Visions,Jewel,1
Call of the Brotherhood,Ring,1
Call of the Void,Ring,1
Callinellus Malleus,One-Handed Mace,1
Cameria's Avarice,One-Handed Mace,1
Cameria's Maul,One-Handed Mace,1
Cane of Unravelling,Warstaff,1
Carcass Jack,Body Armour,1
Carnage Heart,Amulet,1
Ceaseless Feast,Gloves,1
Ceinture of Benevolence,Belt,1
Cerberus Limb,Sceptre,1
Chain of Endurance,Belt,1
Chains of Command,Body Armour,1
Chains of Emancipation,Belt,1
Chalice of Horrors,Shield,1
Chernobog's Pillar,Shield,1
Cherrubim's Maleficence,Body Armour,1
Chin Sol,Bow,1
Chitus' Apex,Helmet,1
Chober Chaber,Two-Handed Mace,1
Choir of the Storm,Amulet,1
Cinderswallow Urn,Utility Flask,1
Circle of Ambition,Ring,1
Circle of Anguish,Ring,1
Circle of Fear,Ring,1
Circle of Guilt,Ring,1
Circle of Nostalgia,Ring,1
Circle of Regret,Ring,1
Clayshaper,One-Handed Mace,1
Cloak of Defiance,Body Armour,1
Cloak of Flame,Body Armour,1
Cloak of Tawm'r Isley,Body Armour,1
Coiling Whisper,Ring,1
Cold Iron Point,Rune Dagger,1
Contract: Breaking the Unbreakable,Contract,1
Contract: Death to Darnaw,Contract,1
Contract: Heart of Glory,Contract,1
Contract: The Slaver King,Contract,1
Contract: The Twins,Contract,1
Coralito's Signature,Utility Flask,1
Corpsewalker,Boots,1
Coruscating Elixir,Utility Flask,1
Cospri's Malice,Thrusting One-Handed Sword,1
Cospri's Will,Body Armour,1
Coward's Chains,Belt,1
Coward's Legacy,Belt,1
Cowards' Wail,Shield,1
Cowl of the Ceraunophile,Helmet,1
Cowl of the Cryophile,Helmet,1
Cowl of the Thermophile,Helmet,1
Craghead,Quiver,1
Craiceann's Carapace,Body Armour,1
Craiceann's Chitin,Helmet,1
Craiceann's Pincers,Gloves,1
Craiceann's Tracks,Boots,1
Crest of Desire,Helmet,1
Crest of Perandus,Shield,1
Crown of Eyes,Helmet,1
Crown of the Inward Eye,Helmet,1
Crown of the Pale King,Helmet,1
Crown of the Tyrant,Helmet,1
Crown of Thorns,Helmet,1
Crystallised Omniscience,Amulet,1
Curtain Call,Helmet,1
Cybil's Paw,Claw,1
Cyclopean Coil,Belt,1
Dance of the Offered,Boots,1
Daresso's Courage,Shield,1
Daresso's Defiance,Body Armour,1
Daresso's Passion,Thrusting One-Handed Sword,1
Daresso's Salute,Amulet,1
Darkness Enthroned,Belt,1
Darkray Vectors,Boots,1
Darkscorn,Bow,1
Dawnbreaker,Shield,1
Dawnstrider,Boots,1
Dead Reckoning,Jewel,1
Death and Taxes,Map,1
Death Rush,Ring,1
Death's Door,Boots,1
Death's Hand,Sceptre,1
Death's Harp,Bow,1
Death's Oath,Body Armour,1
Debeon's Dirge,Two-Handed Axe,1
Deerstalker,Boots,1
Defiance of Destiny,Amulet,1
Deidbell,Helmet,1
Demon Stitcher,Gloves,1
Dendrobate,Body Armour,1
Devoto's Devotion,Helmet,1
Dialla's Malefaction,Body Armour,1
Disintegrator,Warstaff,1
Dissolution of the Flesh,Jewel,1
Divinarius,Rune Dagger,1
Divination Distillate,Hybrid Flask,1
Doedre's Damning,Ring,1
Doedre's Elixir,Mana Flask,1
Doedre's Scorn,Helmet,1
Doedre's Skin,Body Armour,1
Doedre's Tenure,Gloves,1
Doedre's Tongue,Amulet,1
Doomfletch,Bow,1
Doomsower,Two-Handed Sword,1
Doon Cuebiyari,Sceptre,1
Doppelgänger Guise,Body Armour,1
Doryani's Catalyst,Sceptre,1
Doryani's Fist,Gloves,1
Doryani's Machinarium,Map,1
Doryani's Prototype,Body Armour,1
Dreadarc,One-Handed Axe,1
Dream Fragments,Ring,1
Dreamfeather,One-Handed Sword,1
Drillneck,Quiver,1
Duskdawn,Warstaff,1
Dusktoe,Boots,1
Dyadian Dawn,Belt,1
Dyadus,One-Handed Axe,1
Dying Breath,Warstaff,1
Dying Sun,Utility Flask,1
Earendel's Embrace,Sceptre,1
Eber's Unification,Helmet,1
Echoes of Creation,Helmet,1
Echoforge,Two-Handed Sword,1
Eclipse Solaris,Wand,1
Edge of Madness,Two-Handed Sword,1
Elegant Hubris,Jewel,1
Elevore,Helmet,1
Elixir of the Unbroken Circle,Utility Flask,1
Emberwake,Ring,1
Emperor's Cunning,Jewel,1
Emperor's Mastery,Jewel,1
Emperor's Might,Jewel,1
Emperor's Vigilance,Shield,1
Emperor's Wit,Jewel,1
Empire's Grasp,Gloves,1
Enmity's Embrace,Ring,1
Entropic Devastation,Gloves,1
Ephemeral Edge,One-Handed Sword,1
Esh's Mirror,Shield,1
Esh's Visage,Shield,1
Essence Worm,Ring,1
Essentia Sanguis,Claw,1
Eternal Damnation,Amulet,1
Ewar's Mirage,Thrusting One-Handed Sword,1
Expedition's End,Body Armour,1
Extractor Mentis,Amulet,1
Eye of Chayula,Amulet,1
Eye of Innocence,Amulet,1
Eye of Malice,Helmet,1
Ezomyte Peak,Helmet,1
Facebreaker,Gloves,1
Fairgraves' Tricorne,Helmet,1
Faithguard,Helmet,1
Faminebind,Belt,1
Farrul's Bite,Helmet,1
Farrul's Chase,Boots,1
Farrul's Fur,Body Armour,1
Farrul's Pounce,Gloves,1
Fate of the Vaal,One-Handed Sword,1
Fated End,Ring,1
Feastbind,Belt,1
Femurs of the Saints,Staff,1
Fencoil,Staff,1
Fenumus' Shroud,Body Armour,1
Fenumus' Spinnerets,Boots,1
Fenumus' Toxins,Helmet,1
Fenumus' Weave,Gloves,1
Festering Resentment,Rune Dagger,1
Fidelitas' Spike,Thrusting One-Handed Sword,1
Firesong,Jewel,1
Flamesight,Helmet,1
Flesh and Spirit,Gloves,1
Flesh-Eater,One-Handed Mace,1
Fleshcrafter,Body Armour,1
Fleshrender,Two-Handed Sword,1
Font of Thunder,Shield,1
Forbidden Shako,Helmet,1
Forbidden Taste,Utility Flask,1
Foxshade,Body Armour,1
Fractal Thoughts,Helmet,1
Frostbreath,One-Handed Mace,1
Fury Valve,Amulet,1
Galesight,Helmet,1
Gamblesprint,Boots,1
Gang's Momentum,Boots,1
Garukhan's Flight,Boots,1
Geofri's Baptism,Two-Handed Mace,1
Geofri's Crest,Helmet,1
Geofri's Sanctuary,Body Armour,1
Ghostwrithe,Body Armour,1
Giantsbane,Gloves,1
Gifts from Above,Ring,1
Gloomfang,Amulet,1
Glorious Vanity,Jewel,1
Gluttony,Belt,1
Goblinedge,Dagger,1
Goldrim,Helmet,1
Goldwyrm,Boots,1
Gorebreaker,One-Handed Mace,1
Goredrill,Dagger,1
Gorgon's Gaze,Helmet,1
Grace of the Goddess,Wand,1
Grasping Nightshade,Tincture,1
Grattus Signet,Ring,1
Gravebind,Gloves,1
Graven's Secret,Belt,1
Great Old One's Tentacles,Gloves,1
Great Old One's Ward,Shield,1
Greed's Embrace,Body Armour,1
Grelwood Shank,One-Handed Sword,1
Grip of the Council,Gloves,1
Gruthkul's Pelt,Body Armour,1
Haemophilia,Gloves,1
Hall of Grandmasters,Map,1
Hallowed Ground,Map,1
Hand of Heresy,Gloves,1
Hand of the Fervent,Gloves,1
Hand of the Lords,Gloves,1
Hand of Thought and Motion,Claw,1
Hand of Wisdom and Action,Claw,1
Hands of the High Templar,Gloves,1
Hateforge,Gloves,1
Haunting Memories,Amulet,1
Heartbound Loop,Ring,1
Heartbreaker,Rune Dagger,1
Heatshiver,Helmet,1
Hegemony's Era,Warstaff,1
Heretic's Veil,Helmet,1
Heroic Tragedy,Jewel,1
Hezmana's Bloodlust,Two-Handed Axe,1
Hiltless,Two-Handed Sword,1
Hinekora's Sight,Amulet,1
Honourhome,Helmet,1
Hopeshredder,Bow,1
Howlcrack,Helmet,1
Hrimnor's Hymn,Two-Handed Mace,1
Hrimnor's Resolve,Helmet,1
Hrimsorrow,Gloves,1
Hyaon's Fury,One-Handed Sword,1
Hyperboreus,Belt,1
Hyrri's Bite,Quiver,1
Hyrri's Ire,Body Armour,1
Hyrri's Truth,Amulet,1
Icefang Orbit,Ring,1
Icetomb,Body Armour,1
Ichimonji,One-Handed Sword,1
Ikiaho's Promise,Amulet,1
Immortal Flesh,Belt,1
Immutable Force,Jewel,1
Incandescent Heart,Body Armour,1
Indigon,Helmet,1
Inextricable Fate,Boots,1
Infernal Mantle,Body Armour,1
Infractem,Bow,1
Innsbury Edge,One-Handed Sword,1
Inpulsa's Broken Heart,Body Armour,1
Inspired Learning,Jewel,1
Intuitive Leap,Jewel,1
Invictus Solaris,Shield,1
Inya's Epiphany,Boots,1
Iron Commander,Bow,1
"Jack, the Axe",One-Handed Axe,1
Jaws of Agony,Shield,1
Jiquani's Potential,Staff,1
Jorrhast's Blacksteel,Two-Handed Mace,1
Kahuturoa's Certainty,Boots,1
Kalandra's Touch,Ring,1
Kalisa's Grace,Gloves,1
Kaltenhalt,Shield,1
Kaom's Binding,Belt,1
Kaom's Command,Helmet,1
Kaom's Heart,Body Armour,1
Kaom's Primacy,Two-Handed Axe,1
Kaom's Roots,Boots,1
Kaom's Sign,Ring,1
Kaom's Spirit,Gloves,1
Karui Ward,Amulet,1
Khatal's Geyser,Amulet,1
Khatal's Weeping,Amulet,1
Kiara's Determination,Utility Flask,1
Kikazaru,Ring,1
Kiloava's Bluster,Shield,1
Kingmaker,Two-Handed Axe,1
Kingsguard,Body Armour,1
Kintsugi,Body Armour,1
Kitava's Feast,Two-Handed Axe,1
Kitava's Teachings,Jewel,1
Kitava's Thirst,Helmet,1
Kondo's Pride,Two-Handed Sword,1
Kongming's Stratagem,Shield,1
Kongor's Undying Rage,Two-Handed Mace,1
Kurgal's Gaze,Abyss Jewel,1
Lakishu's Blade,One-Handed Sword,1
Last Resort,Claw,1
Lavianga's Spirit,Mana Flask,1
Lavianga's Wisdom,One-Handed Mace,1
Law of the Wilds,Claw,1
Le Heup of All,Ring,1
Leash of Oblation,Belt,1
Leer Cast,Helmet,1
Legacy of Fury,Boots,1
Legacy of the Rose,Warstaff,1
Leper's Alms,Shield,1
Lethal Pride,Jewel,1
Lifesprig,Wand,1
Light of Lunaris,Shield,1
Lightbane Raiment,Body Armour,1
Lightning Coil,Body Armour,1
Limbsplit,Two-Handed Axe,1
Lion's Roar,Utility Flask,1
Lioneye's Fall,Jewel,1
Lioneye's Glare,Bow,1
Lioneye's Paws,Boots,1
Lioneye's Remorse,Shield,1
Lioneye's Vision,Body Armour,1
Lochtonial Caress,Gloves,1
Loreweave,Body Armour,1
Lori's Lantern,Ring,1
Lost Unity,Ring,1
Lycosidae,Shield,1
Maata's Teaching,Sceptre,1
Machina Mitts,Gloves,1
Maelström of Chaos,Map,1
Mageblood,Belt,1
Magna Eclipsis,Shield,1
Mahuxotl's Machination,Shield,1
Malachai's Artifice,Ring,1
Malachai's Loop,Shield,1
Malachai's Mark,Gloves,1
Malachai's Simula,Helmet,1
Maligaro's Cruelty,Amulet,1
Maligaro's Lens,Shield,1
Maligaro's Restraint,Belt,1
Maligaro's Virtuosity,Gloves,1
Maloney's Mechanism,Quiver,1
Maloney's Nightfall,Quiver,1
Manastorm,Shield,1
Mao Kun,Map,1
March of the Legion,Boots,1
Mark of Submission,Ring,1
Mark of the Doubting Knight,Rune Dagger,1
Mark of the Elder,Ring,1
Mark of the Red Covenant,Helmet,1
Mark of the Shaper,Ring,1
Marohi Erqi,Two-Handed Mace,1
Martyr of Innocence,Staff,1
Marylene's Fallacy,Amulet,1
Mask of the Spirit Drinker,Helmet,1
Mask of the Stitched Demon,Helmet,1
Mask of the Tribunal,Helmet,1
Matua Tupuna,Shield,1
Maw of Conquest,Helmet,1
Maw of Mischief,Helmet,1
Medved's Challenge,Gloves,1
Meginord's Girdle,Belt,1
Meginord's Vise,Gloves,1
Melding of the Flesh,Jewel,1
Memory Vault,Helmet,1
Mercenary's Lot,Gloves,1
Midnight Bargain,Wand,1
Might of the Meek,Jewel,1
Mightblood Ire,Tincture,1
Mightflay,Dagger,1
Militant Faith,Jewel,1
Mind of the Council,Helmet,1
Mindspiral,Helmet,1
Ming's Heart,Ring,1
Mistwall,Shield,1
Mjölner,One-Handed Mace,1
Mokou's Embrace,Ring,1
Mon'tregul's Grasp,Sceptre,1
Moonbender's Wing,One-Handed Axe,1
Moonsorrow,Wand,1
Mortem Morsu,Claw,1
Mother's Embrace,Belt,1
Mutewind Pennant,Shield,1
Mutewind Seal,Ring,1
Mutewind Whispersteps,Boots,1
Mystic Refractor,Wand,1
Nadir Mode,Jewel,1
Nametaker,One-Handed Sword,1
Natural Affinity,Jewel,1
Nebulis,Sceptre,1
Nebuloch,One-Handed Mace,1
Nevalius Inheritance,Belt,1
Ngamahu's Flame,Two-Handed Axe,1
Ngamahu's Sign,Ring,1
Nightgrip,Gloves,1
Nimis,Ring,1
Nomic's Storm,Boots,1
Null and Void,Gloves,1
Null's Inclination,Bow,1
Nuro's Harp,Bow,1
Nycta's Lantern,Sceptre,1
Oba's Cursed Trove,Map,1
Obliteration,Wand,1
Obscurantis,Helmet,1
Offering to the Serpent,Gloves,1
Olesya's Delight,Belt,1
Olmec's Sanctum,Map,1
Olroth's Charge,Boots,1
Olroth's Resolve,Utility Flask,1
Omeyocan,Boots,1
Ondar's Clasp,Gloves,1
One With Nothing,Jewel,1
Oni-Goroshi,One-Handed Sword,1
Orbala's Stand,Boots,1
Oriath's End,Utility Flask,1
Original Sin,Ring,1
Ornament of the East,Claw,1
Oro's Sacrifice,Two-Handed Sword,1
Oskarm,Gloves,1
Painseeker,Gloves,1
Paradoxica,Thrusting One-Handed Sword,1
Perandus Blazon,Belt,1
Perandus Signet,Ring,1
Perepiteia,Shield,1
Perfidy,Body Armour,1
Perquil's Toe,Amulet,1
Perseverance,Belt,1
Pillar of the Caged God,Warstaff,1
Pillars of Arun,Map,1
Piscator's Vigil,Wand,1
Pledge of Hands,Warstaff,1
Plume of Pursuit,Helmet,1
Polaric Devastation,Ring,1
Poorjoy's Asylum,Map,1
Pragmatism,Body Armour,1
Praxis,Ring,1
Presence of Chayula,Amulet,1
Primordial Eminence,Jewel,1
Primordial Harmony,Jewel,1
Primordial Might,Jewel,1
Prism Guardian,Shield,1
Prismatic Eclipse,One-Handed Sword,1
Prismweave,Belt,1
Profane Proxy,Ring,1
Progenesis,Utility Flask,1
Prospero's Protection,Ring,1
Pure Talent,Jewel,1
Putembo's Meadow,Ring,1
Putembo's Mountain,Ring,1
Putembo's Valley,Ring,1
Pyre,Ring,1
Pyroshock Clasp,Belt,1
Qotra's Regulator,Shield,1
Quecholli,Two-Handed Mace,1
Queen of the Forest,Body Armour,1
Queen's Decree,Two-Handed Sword,1
Quill Rain,Bow,1
Rainbowstride,Boots,1
Rakiata's Dance,Two-Handed Sword,1
Ralakesh's Impatience,Boots,1
Rashkaldor's Patience,Amulet,1
Rat's Nest,Helmet,1
Rathpith Globe,Shield,1
Rational Doctrine,Jewel,1
Ravenous Passion,Helmet,1
Razor of the Seventh Sun,One-Handed Sword,1
Reach of the Council,Bow,1
Realmshaper,Warstaff,1
Reaper's Pursuit,Two-Handed Axe,1
Rearguard,Quiver,1
Rebuke of the Vaal,One-Handed Sword,1
Redbeak,One-Handed Sword,1
Redblade Band,Ring,1
Redblade Banner,Shield,1
Redblade Tramplers,Boots,1
Reefbane,Fishing Rod,1
Refuge in Isolation,Helmet,1
Relentless Fury,One-Handed Axe,1
Relic of the Pact,Wand,1
Repentance,Gloves,1
Replica Abyssus,Helmet,1
Replica Advancing Fortress,Claw,1
Replica Alberon's Warpath,Boots,1
Replica Allelopathy,Gloves,1
Replica Allure,Claw,1
Replica Alpha's Howl,Helmet,1
Replica Ambu's Charge,Body Armour,1
Replica Atziri's Acuity,Gloves,1
Replica Atziri's Foible,Amulet,1
Replica Badge of the Brotherhood,Amulet,1
Replica Bated Breath,Belt,1
Replica Bitterdream,Sceptre,1
Replica Blood Thorn,Staff,1
Replica Bloodplay,Dagger,1
Replica Bones of Ullr,Boots,1
Replica Cold Iron Point,Rune Dagger,1
Replica Covenant,Body Armour,1
Replica Doedre's Damning,Ring,1
Replica Dragonfang's Flight,Amulet,1
Replica Dreamfeather,One-Handed Sword,1
Replica Duskdawn,Warstaff,1
Replica Earendel's Embrace,Sceptre,1
Replica Emberwake,Ring,1
Replica Eternity Shroud,Body Armour,1
Replica Farrul's Fur,Body Armour,1
Replica Fencoil,Staff,1
Replica Frostbreath,One-Handed Mace,1
Replica Gifts from Above,Ring,1
Replica Grip of the Council,Gloves,1
Replica Harvest,Two-Handed Axe,1
Replica Headhunter,Belt,1
Replica Heartbreaker,Rune Dagger,1
Replica Heatshiver,Helmet,1
Replica Hinekora's Sight,Amulet,1
Replica Hyrri's Ire,Body Armour,1
Replica Hyrri's Truth,Amulet,1
Replica Infractem,Bow,1
Replica Innsbury Edge,One-Handed Sword,1
Replica Inya's Epiphany,Boots,1
Replica Iron Commander,Bow,1
Replica Kalisa's Grace,Gloves,1
Replica Kaom's Heart,Body Armour,1
Replica Karui Ward,Amulet,1
Replica Kongor's Undying Rage,Two-Handed Mace,1
Replica Last Resort,Claw,1
Replica Lavianga's Spirit,Mana Flask,1
Replica Leer Cast,Helmet,1
Replica Lioneye's Paws,Boots,1
Replica Loreweave,Body Armour,1
Replica Malachai's Artifice,Ring,1
Replica Maloney's Mechanism,Quiver,1
Replica Midnight Bargain,Wand,1
Replica Mistwall,Shield,1
Replica Nebulis,Sceptre,1
Replica Oro's Sacrifice,Two-Handed Sword,1
Replica Paradoxica,Thrusting One-Handed Sword,1
Replica Perfect Form,Body Armour,1
Replica Pillars of Arun,Map,1
Replica Poorjoy's Asylum,Map,1
Replica Primordial Might,Jewel,1
Replica Prismweave,Belt,1
Replica Quill Rain,Bow,1
Replica Reckless Defence,Jewel,1
Replica Red Trail,Boots,1
Replica Restless Ward,Body Armour,1
Replica Rumi's Concoction,Utility Flask,1
Replica Shroud of the Lightless,Body Armour,1
Replica Siegebreaker,Belt,1
Replica Sorrow of the Divine,Utility Flask,1
Replica Soul Strike,Quiver,1
Replica Soul Tether,Belt,1
Replica Stampede,Boots,1
Replica Tasalio's Sign,Ring,1
Replica Tempestuous Steel,One-Handed Sword,1
Replica Three-step Assault,Boots,1
Replica Trypanon,Two-Handed Mace,1
Replica Tukohama's Fortress,Shield,1
Replica Tulfall,Wand,1
Replica Twyzel,Wand,1
Replica Ungil's Gauche,Rune Dagger,1
Replica Veil of the Night,Helmet,1
Replica Victario's Charity,Shield,1
Replica Voideye,Ring,1
Replica Voidwalker,Boots,1
Replica Volkuur's Guidance,Gloves,1
Replica Windripper,Bow,1
Replica Wings of Entropy,Two-Handed Axe,1
Replica Winterheart,Amulet,1
Replica Witchfire Brew,Utility Flask,1
Retaliation Charm,Amulet,1
Reverberation Rod,Wand,1
Rigwald's Charge,Two-Handed Sword,1
Rigwald's Command,One-Handed Sword,1
Rigwald's Crest,Ring,1
Rigwald's Hunt,Body Armour,1
Rigwald's Quills,Quiver,1
Rigwald's Savagery,One-Handed Axe,1
Rime Gaze,Helmet,1
Rise of the Phoenix,Shield,1
Rive,Claw,1
Romira's Banquet,Ring,1
Rotblood Promise,Ring,1
Rotgut,Utility Flask,1
Roth's Reach,Bow,1
Rumi's Concoction,Utility Flask,1
Ryslatha's Coil,Belt,1
Sacrificial Heart,Amulet,1
Sadima's Touch,Gloves,1
Saemus' Gift,Quiver,1
Saffell's Frame,Shield,1
Sandstorm Visage,Helmet,1
Sap of the Seasons,Tincture,1
Saqawal's Flock,Helmet,1
Saqawal's Nest,Body Armour,1
Saqawal's Talons,Boots,1
Saqawal's Winds,Gloves,1
Saresh's Darkness,Belt,1
Scaeva,One-Handed Sword,1
Scold's Bridle,Helmet,1
Scornflux,Boots,1
Scorpion's Call,Quiver,1
Sentari's Answer,Shield,1
Servant of Decay,Body Armour,1
Seven Teachings,Body Armour,1
Seven-League Step,Boots,1
Severed in Sleep,One-Handed Sword,1
Shackles of the Wretched,Gloves,1
Shade of Solaris,Wand,1
Shadows and Dust,Gloves,1
Shaper's Seed,Amulet,1
Shaper's Touch,Gloves,1
Shattershard,Shield,1
Shavronne's Pace,Boots,1
Shavronne's Revelation,Ring,1
Shavronne's Wrappings,Body Armour,1
Shimmeron,Wand,1
Shiversting,Two-Handed Sword,1
Sibyl's Lament,Ring,1
Sidhebreath,Amulet,1
Siegebreaker,Belt,1
Sign of the Sin Eater,Sceptre,1
Silverbranch,Bow,1
Sin Trek,Boots,1
Sin's Rebirth,Utility Flask,1
Singularity,Sceptre,1
Sinvicta's Mettle,Two-Handed Axe,1
Sire of Shards,Warstaff,1
Skin of the Loyal,Body Armour,1
Skirmish,Quiver,1
Skullhead,Helmet,1
Skyforth,Boots,1
Skysunder,Two-Handed Sword,1
Slavedriver's Hand,Gloves,1
Slitherpinch,Gloves,1
Slivertongue,Bow,1
Snakebite,Gloves,1
Snakepit,Ring,1
Solaris Lorica,Body Armour,1
Solerai's Radiance,Belt,1
Solstice Vigil,Amulet,1
Song of the Sirens,Fishing Rod,1
Soul Ascension,Gloves,1
Soul Catcher,Utility Flask,1
Soul Mantle,Body Armour,1
Soul Ripper,Utility Flask,1
Soul Strike,Quiver,1
Soul Taker,One-Handed Axe,1
Soul Tether,Belt,1
Soulbound,Ring,1
Soulthirst,Belt,1
Soulwrest,Warstaff,1
Southbound,Gloves,1
Speaker's Wreath,Helmet,1
Spinehail,Quiver,1
Sporeguard,Body Armour,1
Springleaf,Shield,1
Squirming Terror,Ring,1
Starcaller,Two-Handed Axe,1
Starforge,Two-Handed Sword,1
Starkonja's Head,Helmet,1
Starlight Chalice,Utility Flask,1
Stasis Prison,Body Armour,1
Steelworm,Quiver,1
Steppan Eard,Boots,1
Stone of Lazhwar,Amulet,1
Storm Cloud,Bow,1
Storm Prison,Wand,1
Storm Secret,Ring,1
Storm's Gift,Gloves,1
Stormcharger,Boots,1
Stormfire,Ring,1
Stormseeker,Gloves,1
Stormshroud,Jewel,1
Story of the Vaal,One-Handed Sword,1
Stranglegasp,Amulet,1
Sublime Vision,Jewel,1
Sudden Dawn,Helmet,1
Sunblast,Belt,1
Sundance,Boots,1
Surgebinders,Gloves,1
Survivor's Guilt,Belt,1
Svalinn,Shield,1
Tabula Rasa,Body Armour,1
Tainted Pact,Amulet,1
Tanu Ahi,Gloves,1
Taproot,Dagger,1
Taryn's Shiver,Warstaff,1
Tasalio's Sign,Ring,1
Taste of Hate,Utility Flask,1
Tavukai,Amulet,1
Tawhanuku's Timing,Ring,1
Tawhoa's Felling,Two-Handed Mace,1
Tear of Purity,Amulet,1
Tecrod's Gaze,Abyss Jewel,1
Tempered Flesh,Jewel,1
Tempered Mind,Jewel,1
Tempered Spirit,Jewel,1
Temptation Step,Boots,1
Terminus Est,Two-Handed Sword,1
The Admiral,Body Armour,1
The Anima Stone,Jewel,1
The Annihilating Light,Staff,1
The Anticipation,Shield,1
The Anvil,Amulet,1
The Apostate,Body Armour,1
The Arkhon's Tools,Belt,1
The Aylardex,Amulet,1
The Balance of Terror,Jewel,1
The Bandit Lord's Band,Ring,1
The Bane of Hope,Bow,1
The Baron,Helmet,1
The Battle Within,Tincture,1
The Beast Fur Shawl,Body Armour,1
The Black Cane,Sceptre,1
The Blood Dance,Boots,1
The Blood of Innocence,Relic,1
The Blood Reaper,Two-Handed Axe,1
The Blood Thorn,Staff,1
The Blue Dream,Jewel,1
The Blue Nightmare,Jewel,1
The Brass Dome,Body Armour,1
The Brine Crown,Helmet,1
The Bringer of Rain,Helmet,1
The Broken Censer,Relic,1
The Broken Crown,Helmet,1
The Broken Elegy,Warstaff,1
The Burden of Shadows,Staff,1
The Burden of Truth,Belt,1
The Caged Mammoth,Gloves,1
The Celestial Brace,Gloves,1
The Chains of Castigation,Relic,1
The Coming Calamity,Body Armour,1
The Consuming Dark,Rune Dagger,1
The Covenant,Body Armour,1
The Coward's Trial,Map,1
The Crimson Storm,Bow,1
The Dancing Dervish,Two-Handed Sword,1
The Dark Monarch,Helmet,1
The Deep One's Hide,Shield,1
The Desecrated Chalice,Two-Handed Mace,1
The Devourer of Minds,Helmet,1
The Devouring Diadem,Helmet,1
The Druggery,Belt,1
The Embalmer,Gloves,1
The Enmity Divine,Staff,1
The Ephemeral Bond,Amulet,1
The Eternal Apple,Shield,1
The Eternal Struggle,Amulet,1
The Eternity Shroud,Body Armour,1
The Felbog Fang,Amulet,1
The First Crest,Relic,1
The Flame of Hope,Bow,1
The Flawed Refuge,Shield,1
The Fledgling,Helmet,1
The Flow Untethered,Belt,1
The Formless Flame,Helmet,1
The Formless Inferno,Helmet,1
The Fourth Vow,Body Armour,1
The Fracturing Spinner,Quiver,1
The Front Line,Jewel,1
The Fulcrum,Warstaff,1
The Ghastly Theatre,Shield,1
The Gilded Chalice,Relic,1
The Gluttonous Tide,Bow,1
The Goddess Bound,Thrusting One-Handed Sword,1
The Goddess Scorned,One-Handed Sword,1
The Golden Charlatan,Two-Handed Sword,1
The Green Dream,Jewel,1
The Green Nightmare,Jewel,1
The Grey Spire,Warstaff,1
The Grey Wind,One-Handed Axe,1
The Gull,Helmet,1
The Halcyon,Amulet,1
The Hallowed Monarch,Helmet,1
The Hand of Phrecia,Gloves,1
The Harvest,Two-Handed Axe,1
The Hateful Accuser,Ring,1
The Hidden Blade,Dagger,1
The Highwayman,Ring,1
The Hour of Divinity,Relic,1
The Hungry Loop,Ring,1
The Ignomon,Amulet,1
The Immortal Will,Shield,1
The Infinite Pursuit,Boots,1
The Interrogation,Jewel,1
The Iron Fortress,Body Armour,1
The Iron Mass,One-Handed Sword,1
The Ivory Tower,Body Armour,1
The Jinxed Juju,Amulet,1
The Light of Meaning,Jewel,1
The Living Blade,Two-Handed Sword,1
The Magnate,Belt,1
The Monastery Bell,One-Handed Mace,1
The Night Lamp,Relic,1
The Oppressor,Shield,1
The Original Scripture,Relic,1
The Overflowing Chalice,Utility Flask,1
The Pandemonius,Amulet,1
The Pariah,Ring,1
The Perfect Form,Body Armour,1
The Poet's Pen,Wand,1
The Poised Prism,Quiver,1
The Power and the Promise,Relic,1
The Primordial Chain,Amulet,1
The Princess,One-Handed Sword,1
The Putrid Cloister,Map,1
The Queen's Hunger,Body Armour,1
The Queller of Minds,Ring,1
The Rat Cage,Body Armour,1
The Red Dream,Jewel,1
The Red Nightmare,Jewel,1
The Red Trail,Boots,1
The Restless Ward,Body Armour,1
The Retch,Belt,1
The Rippling Thoughts,One-Handed Sword,1
The Sacred Chalice,Two-Handed Mace,1
The Sands of Time,Sceptre,1
The Saviour,One-Handed Sword,1
The Scales of Justice,Shield,1
The Scourge,Claw,1
The Screaming Eagle,One-Handed Axe,1
The Searing Touch,Staff,1
The Second Sacrament,Relic,1
The Selfish Shepherd,Ring,1
The Shattered Divinity,Quiver,1
The Siege,Jewel,1
The Snowblind Grace,Body Armour,1
The Sorrow of the Divine,Utility Flask,1
The Squire,Shield,1
The Stampede,Boots,1
The Stormheart,Staff,1
The Sundered Will,Ring,1
The Supreme Truth,Sceptre,1
The Surging Thoughts,One-Handed Sword,1
The Surrender,Shield,1
The Taming,Ring,1
The Tempest Rising,Boots,1
The Tempest's Binding,Helmet,1
The Tempest's Liberation,Helmet,1
The Tempestuous Steel,One-Handed Sword,1
The Three Dragons,Helmet,1
The Tides of Time,Belt,1
The Torrent's Reclamation,Belt,1
The Trickster's Smile,Helmet,1
The Twilight Temple,Map,1
The Unseen Hue,Ring,1
The Unshattered Will,Shield,1
The Untouched Soul,Amulet,1
The Vertex,Helmet,1
The Vinktar Square,Map,1
The Warden's Brand,Ring,1
The Wasp Nest,Claw,1
The Whispering Ice,Warstaff,1
The Will of Esh,Ring,1
The Will of Tul,Ring,1
The Will of Uul-Netol,Ring,1
The Will of Xoph,Ring,1
The Winds of Fate,Warstaff,1
The Wise Oak,Utility Flask,1
The Writhing Jar,Hybrid Flask,1
The Yielding Mortality,Staff,1
Thief's Torment,Ring,1
Thousand Ribbons,Body Armour,1
Thousand Teeth Temu,Shield,1
Three-step Assault,Boots,1
Thrillsteel,Helmet,1
Thunderfist,Gloves,1
Thundersight,Helmet,1
Tidebreaker,Two-Handed Mace,1
Timeclasp,Ring,1
Tinkerskin,Body Armour,1
Titucius' Span,Shield,1
Torchoak Step,Boots,1
Touch of Anguish,Claw,1
Transcendent Flesh,Jewel,1
Transcendent Mind,Jewel,1
Transcendent Spirit,Jewel,1
Tremor Rod,Warstaff,1
Triad Grip,Gloves,1
Trolltimber Spire,Shield,1
Trypanon,Two-Handed Mace,1
Tukohama's Fortress,Shield,1
Tulborn,Wand,1
Tulfall,Wand,1
Twyzel,Wand,1
Ulaman's Gaze,Abyss Jewel,1
Umbilicus Immortalis,Belt,1
Unending Hunger,Jewel,1
Ungil's Gauche,Rune Dagger,1
Ungil's Harmony,Amulet,1
United in Dream,One-Handed Sword,1
Unlight Extant,Wand,1
Unnatural Instinct,Jewel,1
Untainted Paradise,Map,1
Unyielding Flame,Shield,1
Usurper's Penance,Helmet,1
Utula's Hunger,Body Armour,1
Uul-Netol's Embrace,Two-Handed Axe,1
Uul-Netol's Kiss,Two-Handed Axe,1
Uul-Netol's Vow,Amulet,1
Uzaza's Meadow,Ring,1
Uzaza's Mountain,Ring,1
Uzaza's Valley,Ring,1
Vaal Caress,Gloves,1
Valako's Sign,Ring,1
Valyrium,Ring,1
Varunastra,One-Handed Sword,1
Vaults of Atziri,Map,1
Veil of the Night,Helmet,1
Venarius' Astrolabe,Amulet,1
Venopuncture,Ring,1
Ventor's Gamble,Ring,1
Veruso's Ambition,Boots,1
Veruso's Battering Rams,Gloves,1
Victario's Acuity,Amulet,1
Victario's Charity,Shield,1
Victario's Flight,Boots,1
Victario's Influence,Body Armour,1
Viridi's Veil,Helmet,1
Vis Mortis,Body Armour,1
Vivinsect,Ring,1
Vix Lunaris,Shield,1
Vixen's Entrapment,Gloves,1
Voice of the Storm,Amulet,1
Void Battery,Wand,1
Voidbringer,Gloves,1
Voideye,Ring,1
Voidfletcher,Quiver,1
Voidforge,Two-Handed Sword,1
Voidhome,Two-Handed Mace,1
Voidwalker,Boots,1
Voll's Devotion,Amulet,1
Voll's Protector,Body Armour,1
Voll's Vision,Helmet,1
Voltaxic Rift,Bow,1
Vorana's March,Boots,1
Vorana's Preparation,Utility Flask,1
Vulconus,Rune Dagger,1
Wake of Destruction,Boots,1
Wanderlust,Boots,1
Warped Timepiece,Amulet,1
Warrior's Legacy,Ring,1
Watcher's Eye,Jewel,1
Wellwater Phylactery,Mana Flask,1
Whakawairua Tuahu,Map,1
Wheel of the Stormsail,Shield,1
Whispers of Infinity,Amulet,1
White Wind,Rune Dagger,1
Wideswing,Two-Handed Axe,1
Widowhail,Bow,1
Widowmaker,Rune Dagger,1
Wildfire Phloem,Tincture,1
Wildslash,Claw,1
Willclash,Helmet,1
Willowgift,Amulet,1
Wilma's Requital,Helmet,1
Windripper,Bow,1
Winds of Change,Gloves,1
Windscream,Boots,1
Wine of the Prophet,Utility Flask,1
Wing of the Wyvern,Bow,1
Wings of Entropy,Two-Handed Axe,1
Winterheart,Amulet,1
Winterweave,Ring,1
Witchbane,Jewel,1
Witchfire Brew,Utility Flask,1
Witchhunter's Judgment,Staff,1
Woespike,Ring,1
Wondertrap,Boots,1
Wraithlord,Helmet,1
Wreath of Phrecia,Helmet,1
Wyrmsign,Gloves,1
Xirgil's Crank,Warstaff,1
Xoph's Blood,Amulet,1
Xoph's Heart,Amulet,1
Xoph's Inception,Bow,1
Xoph's Nurture,Bow,1
Yaomac's Accord,Sceptre,1
Ylfeban's Trickery,Helmet,1
Ynda's Stand,Belt,1
Yoke of Suffering,Amulet,1
Zahndethus' Cassock,Body Armour,1
Zeel's Amplifier,Shield,1
Zerphi's Heart,Amulet,1
Zerphi's Last Breath,Mana Flask,1
